Computer Software,71
Internet,65
Information Technology and Services,61
Financial Services,41
Biotechnology,29
Telecommunications,28
Oil & Energy,25
Research,23
Pharmaceuticals,22
Computer Networking,21
Automotive,20
Electrical/Electronic Manufacturing,19
Public Relations and Communications,19
Chemicals,17
Marketing and Advertising,16
Management Consulting,16
Banking,16
Semiconductors,15
Accounting,15
Legal Services,14
Architecture & Planning,12
Higher Education,12
Computer Hardware,11
Computer & Network Security,10
Human Resources,10
Consumer Electronics,9
Hospital & Health Care,9
Education Management,9
Environmental Services,8
International Trade and Development,7
Investment Banking,7
Consumer Goods,6
Venture Capital & Private Equity,6
Hospitality,6
Design,6
Computer Games,5
Staffing and Recruiting,5
Translation and Localization,5
Broadcast Media,5
Program Development,4
Government Administration,4
International Affairs,4
Retail,4
Real Estate,4
Plastics,3
Entertainment,2
"Leisure, Travel & Tourism",2
Market Research,1
Online Media,1
Luxury Goods & Jewelry,1
Arts and Crafts,1
