Chengdu, Sichuan, China
China
Beijing City, China
Shanghai City, China
Shenzhen, Guangdong, China
Greater New York City Area
San Francisco Bay Area
Canada
Shanghai Suburb, China
Greater Boston Area
Guangzhou, Guangdong, China
Singapore
Greater Seattle Area
Rest of Sichuan, China
Greater Los Angeles Area
Hong Kong
Toronto, Canada Area
Washington D.C. Metro Area
Hangzhou, Zhejiang, China
United Kingdom
Greater Chicago Area
Chongqing City, China
Houston, Texas Area
Suzhou, Jiangsu, China
Sydney, Australia
Greater Philadelphia Area
Dallas/Fort Worth Area
Greater San Diego Area
Melbourne, Australia
Chongqing Suburb, China
not specific
Beijing Suburb, China
London, United Kingdom
Greater Pittsburgh Area
Nanjing, Jiangsu, China
Greater Atlanta Area
Greater Detroit Area
Phoenix, Arizona Area
Paris Area, France
Vancouver, Canada Area
Tianjin City, China
Xi‘an, Shaanxi, China
Raleigh-Durham, North Carolina Area
Mianyang, Sichuan, China
Cleveland/Akron, Ohio Area
Rest of Guangdong, China
Wuhan, Hubei, China
Greater Minneapolis-St. Paul Area
Ottawa, Canada Area
Dongguan, Guangdong, China
Rest of Jiangsu, China
Greater St. Louis Area
Baltimore, Maryland Area
Dalian, Liaoning, China
Wuxi, Jiangsu, China
Xiamen, Fujian, China
Portland, Oregon Area
Amsterdam Area, Netherlands
Montreal, Canada Area
Qingdao, Shandong, China
Ningbo, Zhejiang, China
Perth, Australia
Albany, New York Area
Brisbane, Australia
Calgary, Canada Area
Lansing, Michigan Area
Zhuhai, Guangdong, China
Greater Denver Area
Auckland, New Zealand
Orange County, California Area
Austin, Texas Area
United States
Foshan, Guangdong, China
Zürich Area, Switzerland
Madison, Wisconsin Area
Gainesville, Florida Area
Sacramento, California Area
Cincinnati Area, KY
Kunming, Yunnan, China
Tampere Area, Finland
Ontario, Canada
Stockholm, Sweden
Adelaide, Australia
Finland
Miami/Fort Lauderdale Area
Knoxville, Tennessee Area
Greater Salt Lake City Area
Frankfurt Am Main Area, Germany
Greater New Orleans Area
Copenhagen Area, Capital Region, Denmark
Charlottesville, Virginia Area
Oklahoma City, Oklahoma Area
Ireland
Charlotte, North Carolina Area
Roanoke, Virginia Area
Columbus, Ohio Area
Changsha, Hunan, China
Deyang, Sichuan, China
Japan
Rochester, New York Area
Buffalo/Niagara, New York Area
Indianapolis, Indiana Area
Prince Edward Island, Canada
Rest of Zhejiang, China
Edmonton, Canada Area
Syracuse, New York Area
Kitchener, Canada Area
United Arab Emirates
Berlin Area, Germany
State College, Pennsylvania Area
Nepal
Brussels Area, Belgium
Rest of Fujian, China
Springfield, Massachusetts Area
Israel
Shenyang, Liaoning, China
Fuzhou, Fujian, China
Greater Nashville Area, TN
Rest of Shandong, China
Rotterdam Area, Netherlands
Huizhou, Guangdong, China
Urbana-Champaign, Illinois Area
Jinan, Shandong, China
Guiyang, Guizhou, China
The Hague Area, Netherlands
Greater Memphis Area
Hefei, Anhui, China
Eindhoven Area, Netherlands
Taiwan
Spokane, Washington Area
Ithaca, New York Area
Yantai, Shandong, China
Columbia, Missouri Area
Tianjin Suburb, China
Pakistan
Lincoln, Nebraska Area
Central Region, Denmark
Kansas City, Missouri Area
Tallahassee, Florida Area
Macao
Rest of Henan, China
Korea
Rest of Yunnan, China
Wenzhou, Zhejiang, China
Rome Area, Italy
Munich Area, Germany
Des Moines, Iowa Area
Nottingham, United Kingdom
Utrecht Area, Netherlands
Richland/Kennewick/Pasco, Washington Area
Lyon Area, France
Albuquerque, New Mexico Area
Cologne Area, Germany
Hartford, Connecticut Area
Lafayette, Indiana Area
Richmond, Virginia Area
Within 23 wards, Tokyo, Japan
Rest of Hubei, China
Lubbock, Texas Area
Saudi Arabia
Taizhou, Zhejiang, China
Providence, Rhode Island Area
Bryan/College Station, Texas Area
Antwerp Area, Belgium
Stockholm County, Sweden
Orlando, Florida Area
Urumqi, Xinjiang, China
Hamburg Area, Germany
Manchester, United Kingdom
Sweden
France
Glasgow, United Kingdom
Tucson, Arizona Area
Greater Omaha Area
Germany
Geneva Area, Switzerland
Gothenburg, Sweden
Columbia, South Carolina Area
Oslo Area, Norway
West Palm Beach, Florida Area
Changzhou, Jiangsu, China
Savannah, Georgia Area
Helsinki Area, Finland
Las Cruces, New Mexico Area
Santa Barbara, California Area
Fayetteville, Arkansas Area
Hawaiian Islands
Jacksonville, Florida Area
Birmingham, Alabama Area
Yibin, Sichuan, China
Barcelona Area, Spain
Nanchang, Jiangxi, China
Haikou, Hainan, China
Oxford, United Kingdom
Nijmegen Area, Netherlands
Bristol, United Kingdom
Nanning, Guangxi, China
Changchun, Jilin, China
Jinhua, Zhejiang, China
Tuscaloosa, Alabama Area
Other
Thailand
Sheffield, United Kingdom
Greater Milwaukee Area
London, Canada Area
Stuttgart Area, Germany
Bloomington, Indiana Area
British Columbia, Canada
Gent Area, Belgium
Wellington & Wairarapa, New Zealand
Haerbin, Heilongjiang, China
Montpellier Area, France
Kuala Lumpur, Malaysia
Allentown, Pennsylvania Area
Halifax, Canada Area
Greenville, South Carolina Area
New Zealand
Huhehaote, Inner Mongolia, China
Naples Area, Italy
Anchorage, Alaska Area
Queensland, Australia
Bordeaux Area, France
Provo, Utah Area
Rochester, Minnesota Area
Dijon Area, France
Athens, Georgia Area
Armenia
Jackson, Mississippi Area
Lanzhou, Gansu, China
Birmingham, United Kingdom
Canberra, Australia
Nice Area, France
Sodertalje, Sweden
Bangkok Metropolitan Area, Thailand
Norfolk, Virginia Area
Newcastle upon Tyne, United Kingdom
Shaoxing, Zhejiang, China
Rest of Xinjiang, China
Little Rock, Arkansas Area
Weifang, Shandong, China
Iowa City, Iowa Area
Fargo, North Dakota Area
Rest of Hunan, China
Almere Stad Area, Netherlands
Duluth, Minnesota Area
Huzhou, Zhejiang, China
Reading, United Kingdom
Colombia
Jiaxing, Zhejiang, China
Toledo, Ohio Area
Rest of Inner Mongolia, China
Nürnberg Area, Germany
Chile
Taiyuan, Shanxi, China
Dortmund Area, Germany
Fukuoka, Japan
Saginaw, Michigan Area
Tilburg Area, Netherlands
Las Vegas, Nevada Area
Hull, United Kingdom
Lawrence, Kansas Area
Twickenham, United Kingdom
Corvallis, Oregon Area
Evansville, Indiana Area
Leeds, United Kingdom
Tampa/St. Petersburg, Florida Area
Groningen Area, Netherlands
Quebec, Canada
Austria
Rest of Anhui, China
Aberdeen, United Kingdom
Lille Area, France
Mannheim Area, Germany
Czech Republic
Parkersburg, West Virginia Area
Sealand Region, Denmark
Fresno, California Area
Johnson City, Tennessee Area
Romania
Turin Area, Italy
Huntsville, Alabama Area
Johannesburg Area, South Africa
Madrid Area, Spain
Lappeenranta Area, Finland
Sioux Falls, South Dakota Area
Reno, Nevada Area
Rest of Liaoning, China
Luxembourg
Tangshan, Hebei, China
Kalamazoo, Michigan Area
Cambridge, United Kingdom
Papua New Guinea
Dayton, Ohio Area
Xining, Qinghai, China
Tanzania
Mexico City Area, Mexico
Xuzhou, Jiangsu, China
Yangzhou, Jiangsu, China
Braunschweig Area, Germany
Johnstown, Pennsylvania Area
Rest of Gansu, China
Rest of Guangxi, China
Greensboro/Winston-Salem, North Carolina Area
Qatar
Mobile, Alabama Area
Charleston, South Carolina Area
Shizuoka, Japan
Bradford, United Kingdom
Slovak Republic
Hatay, Turkey
Chester, United Kingdom
Reading, Pennsylvania Area
Baoding, Hebei, China
Cheyenne, Wyoming Area
Nantes Area, France
La Crosse, Wisconsin Area
Netherlands Antilles
Rest of Ningxia, China
Decatur, Alabama Area
Troyes Area, France
Gorizia Area, Italy
Cochin Area, India
Myanmar
Townsville, Australia
Switzerland
Estonia
Cairns, Australia
Halle-Neustadt Area, Germany
Flagstaff, Arizona Area
Eugene, Oregon Area
Lafayette, Louisiana Area
Tulsa, Oklahoma Area
Harrisburg, Pennsylvania Area
Stockton, California Area
Toulouse Area, France
Puerto Rico
Bolzano Area, Italy
Monaco area
El Paso, Texas Area
Chenzhou, Hunan, China
Naucalpan de Juárez Area, Mexico
Coimbatore Area, India
Yulin, Guangxi, China
Topeka, Kansas Area
Malawi
Saarbrücken Area, Germany
Sanya, Hainan, China
Canterbury & West Coast, New Zealand
Nigeria
Cayman Islands
Hengyang, Hunan, China
Rest of Shanxi, China
Kassel Area, Germany
Chattanooga, Tennessee Area
Green Bay, Wisconsin Area
Utica, New York Area
Augsburg Area, Germany
Yichun, Jiangxi, China
Ibaraki, Japan
Jackson, Michigan Area
Italy
Redhill, United Kingdom
New Brunswick, Canada
Marseille Area, France
Biloxi, Mississippi Area
Ticino, Switzerland
Winterthur Area, Switzerland
Sheboygan, Wisconsin Area
Warrington, United Kingdom
Jingzhou, Hubei, China
Phuket, Thailand
Otago & Southland, New Zealand
Lexington, Kentucky Area
Malaysia
Southern Region, South Jutland, Denmark
Qinhuangdao, Hebei, China
Latvia
Zimbabwe
Gifu, Japan
Bendigo, Australia
Erfurt Area, Germany
Hyderabad Area, India
Terre Haute, Indiana Area
Southern Region, Funen, Denmark
Kaifeng, Henan, China
Hengshui, Hebei, China
Joplin, Missouri Area
Anyang, Henan, China
Bucharest, Romania
Jilin, Jilin, China
Bath, United Kingdom
York, United Kingdom
Saskatchewan, Canada
Albany, Georgia Area
Jining, Shandong, China
Afghanistan
Angola
Lasa, Tibet, China
Bengaluru Area, India
Glens Falls, New York Area
New Delhi Area, India
Hungary
Uganda
Zapopan Area, Mexico
Stoke-on-Trent, United Kingdom
Trondheim Area, Norway
Shijiazhuang, Hebei, China
Malmo, Sweden
Yokohama, Kanagawa, Japan
Greater Poland District, Poznan County, Poland
Yichang, Hubei, China
NCR - National Capital Region, Philippines
Fort Myers, Florida Area
Monroe, Louisiana Area
Indonesia
São Paulo Area, Brazil
Slovenia
Changde, Hunan, China
Ukraine
Lijiang, Yunnan, China
Oshkosh, Wisconsin Area
Portland, Maine Area
Baton Rouge, Louisiana Area
Cote D’Ivoire (Ivory Coast)
Coventry, United Kingdom
Brest Area, France
Exeter, United Kingdom
Iceland
Florence Area, Italy
Huaian, Jiangsu, China
Nantong, Jiangsu, China
Sultanate of Oman
Yuncheng, Shanxi, China
Wolverhampton, United Kingdom
Killeen/Temple, Texas Area
Uppsala, Sweden
Rest of Shaanxi, China
Greenville, North Carolina Area
Iraq
Bremen Area, Germany
Bundaberg, Australia
Luoyang, Henan, China
Waikato, New Zealand
Ehime, Japan
Montgomery, Alabama Area
Winnipeg, Canada Area
Crewe, United Kingdom
Pavia Area, Italy
Louisville, Kentucky Area
Christmas Island
Bologna Area, Italy
Taipei City, Taiwan
Bloomington/Normal, Illinois Area
Liverpool, United Kingdom
Basel Area, Switzerland
Northern Region, Denmark
Gloucester, United Kingdom
Merced, California Area
Quanzhou, Fujian, China
Cedar Rapids, Iowa Area
Penang, Malaysia
Apeldoorn Area, Netherlands
Yancheng, Jiangsu, China
Togo
Enschede Area, Netherlands
Bern Area, Switzerland
Milton Keynes, United Kingdom
Geumcheon-gu, Seoul, Korea
Hungary area
Sarasota, Florida Area
Bangor, Maine Area
Newfoundland And Labrador, Canada
San Antonio, Texas Area
Yueyang, Hunan, China
Daytona Beach, Florida Area
Suwon, Gyeonggi-do, Korea
Wakefield, United Kingdom
Wichita, Kansas Area
Saint Petersburg, Russian Federation
Rennes Area, France
Zhengzhou, Henan, China
Edinburgh, United Kingdom
Victoria, Australia
India
Bosnia and Herzegovina
Macon, Georgia Area
Visalia, California Area
South Bend, Indiana Area
Paisley, United Kingdom
Porto Alegre Area, Brazil
Freiburg Area, Germany
Fort Collins, Colorado Area
Salinas, California Area
Guilin, Guangxi, China
Worcester, United Kingdom
Austria area
